file,filter,status,n_master,n_detected,n_forced,n_valid_phot,fwhm_px,wcs_ok,apcorr,path,elapsed_s,load_s,wcs_fwhm_s,phot_apcorr_s,save_s,gain_e_per_adu,rdnoise_e,binning_x,binning_y,gain_source,rdnoise_source,sky_sigma_adu,sky_sigma_e,p_peak_frame,n_peak_stars,predicted_m50,observed_m50,depth_delta_mag,depth_qc_flag,centering_status,advice,max_recenter_shift_px,centroid_outlier_px,n_on_frame,n_forced_on_frame,n_recentered,n_center_tested,n_centroid_outlier,n_registration_anchor,detected_rate,forced_rate,recentered_rate,centroid_outlier_rate,frame_dx_px,frame_dy_px,registration_resid_med_px,registration_resid_p95_px,match_offset_med_px,match_offset_p90_px,match_offset_max_px,center_error_med_px,center_error_p90_px,center_error_max_px,centroid_shift_med_px,centroid_shift_p90_px,centroid_shift_max_px,mag_err_med,mag_err_p90,mag_err_high_shift_med,mag_err_low_shift_med,mag_err_high_shift_delta,snr_high_shift_med,snr_low_shift_med
pp_NGC6811-0001-B.fit,B,ok,2000,489,1511,1981,7.558304,True,1.433795,E:\APEX_validation\bench\arm_serial_1\step7_forced_phot\photometry_pp_NGC6811-0001-B.fit.tsv,12.268000,1.583000,0.034000,10.344000,0.306000,0.680000,2.350000,2,2,manual,manual,30.320547,20.617972,0.013154,193,19.938787,19.943141,0.004355,ok,REVIEW,many sources are forced-only; inspect downstream scatter,2.000000,1.000000,1981,1492,489,490,10,176,0.246845,0.753155,1.000000,0.020408,0.001498,-0.006679,0.115088,0.228386,0.203519,0.612398,1.662567,0.191870,0.571192,2.503060,0.190977,0.568775,1.849459,0.161439,0.567216,0.045232,0.018856,0.026376,24.017366,57.581461
pp_NGC6811-0002-B.fit,B,ok,2000,502,1498,1983,7.238122,True,1.442236,E:\APEX_validation\bench\arm_serial_1\step7_forced_phot\photometry_pp_NGC6811-0002-B.fit.tsv,11.500000,1.608000,0.049000,9.500000,0.343000,0.680000,2.350000,2,2,manual,manual,30.146749,20.499790,0.013921,197,20.006538,20.003459,-0.003078,ok,REVIEW,many sources are forced-only; inspect downstream scatter,2.000000,1.000000,1983,1481,502,502,10,173,0.253152,0.746848,1.000000,0.019920,-0.002100,0.008104,0.104273,0.218913,0.190926,0.504714,1.452939,0.193619,0.501770,1.377985,0.193619,0.501770,1.377985,0.152602,0.533271,0.047147,0.019081,0.028066,23.185300,56.903160
pp_NGC6811-0003-B.fit,B,ok,2000,515,1485,1983,7.470911,True,1.393086,E:\APEX_validation\bench\arm_serial_1\step7_forced_phot\photometry_pp_NGC6811-0003-B.fit.tsv,11.204000,1.643000,0.049000,9.229000,0.282000,0.680000,2.350000,2,2,manual,manual,30.084013,20.457129,0.013999,202,20.014874,20.025000,0.010126,ok,REVIEW,many sources are forced-only; inspect downstream scatter,2.000000,1.000000,1983,1468,515,515,15,178,0.259708,0.740292,1.000000,0.029126,0.006601,0.011398,0.101813,0.213130,0.225563,0.707702,1.723673,0.223104,0.643399,1.996814,0.223104,0.643399,1.996814,0.152680,0.546940,0.048225,0.019444,0.028781,22.513928,55.840567
pp_NGC6811-0004-B.fit,B,ok,2000,485,1515,1984,7.514921,True,1.473496,E:\APEX_validation\bench\arm_serial_1\step7_forced_phot\photometry_pp_NGC6811-0004-B.fit.tsv,10.974000,1.640000,0.049000,9.003000,0.281000,0.680000,2.350000,2,2,manual,manual,30.073538,20.450006,0.012702,190,19.909710,19.962615,0.052904,ok,REVIEW,many sources are forced-only; inspect downstream scatter,2.000000,1.000000,1984,1499,485,485,11,162,0.244456,0.755544,1.000000,0.022680,0.021479,-0.005327,0.129605,0.233828,0.228659,0.610587,1.290396,0.202457,0.571777,1.862224,0.202457,0.571777,1.862224,0.166059,0.594775,0.048857,0.019511,0.029346,22.222950,55.540823
pp_NGC6811-0005-B.fit,B,ok,2000,883,1117,1981,6.650717,True,1.387724,E:\APEX_validation\bench\arm_serial_1\step7_forced_phot\photometry_pp_NGC6811-0005-B.fit.tsv,9.005000,1.635000,0.044000,7.039000,0.286000,0.680000,2.350000,2,2,manual,manual,59.242168,40.284675,0.017305,341,21.014474,20.995597,-0.018877,ok,REVIEW,many sources are forced-only; inspect downstream scatter,2.000000,1.000000,1981,1098,883,885,27,310,0.445734,0.554266,1.000000,0.030508,0.015557,0.000879,0.103155,0.225339,0.185759,0.516643,1.653512,0.205317,0.633406,3.586106,0.204372,0.623008,1.986458,0.071805,0.229535,0.050003,0.021573,0.028430,21.713312,50.328321
pp_NGC6811-0006-B.fit,B,ok,2000,853,1147,1982,6.772606,True,1.434092,E:\APEX_validation\bench\arm_serial_1\step7_forced_phot\photometry_pp_NGC6811-0006-B.fit.tsv,9.771000,1.639000,0.050000,7.817000,0.266000,0.680000,2.350000,2,2,manual,manual,56.988510,38.752187,0.015765,335,20.955358,20.949801,-0.005556,ok,REVIEW,many sources are forced-only; inspect downstream scatter,2.000000,1.000000,1982,1129,853,860,23,306,0.430373,0.569627,1.000000,0.026744,0.016989,-0.007349,0.108001,0.218412,0.194203,0.582955,1.847447,0.205546,0.650695,3.939307,0.204631,0.630632,1.951292,0.071584,0.226435,0.053069,0.021138,0.031931,20.458890,51.363750
pp_NGC6811-0008-B.fit,B,ok,2000,958,1042,1982,7.335473,True,1.388637,E:\APEX_validation\bench\arm_serial_1\step7_forced_phot\photometry_pp_NGC6811-0008-B.fit.tsv,11.846000,1.619000,0.042000,9.901000,0.285000,0.680000,2.350000,2,2,manual,manual,79.097076,53.786012,0.014150,359,21.234665,21.210072,-0.024593,ok,REVIEW,many sources are forced-only; inspect downstream scatter,2.000000,1.000000,1982,1024,958,961,38,322,0.483350,0.516650,1.000000,0.039542,0.016402,-0.007967,0.109187,0.214516,0.210782,0.637340,1.844353,0.226529,0.682063,3.560249,0.225525,0.674556,1.894836,0.052470,0.167183,0.041814,0.018500,0.023314,25.976335,58.689795
pp_NGC6811-0009-B.fit,B,ok,2000,1000,1000,1985,7.202660,True,1.449309,E:\APEX_validation\bench\arm_serial_1\step7_forced_phot\photometry_pp_NGC6811-0009-B.fit.tsv,10.254000,1.633000,0.054000,8.217000,0.350000,0.680000,2.350000,2,2,manual,manual,74.650337,50.762229,0.013761,378,21.267273,21.245679,-0.021593,ok,OK,centering stable,2.000000,1.000000,1985,985,1000,1001,40,340,0.503778,0.496222,1.000000,0.039960,0.005688,-0.007355,0.104674,0.220237,0.204035,0.651484,1.723879,0.218708,0.693425,2.102896,0.218582,0.690358,1.888296,0.051719,0.164828,0.039760,0.019219,0.020541,27.309933,56.492453
pp_NGC6811-0001-R.fit,R,ok,2000,979,1021,1983,5.786191,True,1.764879,E:\APEX_validation\bench\arm_serial_1\step7_forced_phot\photometry_pp_NGC6811-0001-R.fit.tsv,8.076000,1.651000,0.053000,6.051000,0.322000,0.680000,2.350000,2,2,manual,manual,22.492638,15.294994,0.018093,386,19.856578,19.798445,-0.058133,ok,REVIEW,many sources are forced-only; inspect downstream scatter,2.000000,1.000000,1983,1004,979,979,16,376,0.493696,0.506304,1.000000,0.016343,0.000000,-0.000000,0.000000,0.000000,0.000000,0.000000,1.314546,0.111515,0.463794,1.784419,0.111515,0.463794,1.784419,0.069957,0.192556,0.060423,0.026816,0.033607,17.972488,40.488708
pp_NGC6811-0002-R.fit,R,ok,2000,810,1190,1983,6.585205,True,1.482815,E:\APEX_validation\bench\arm_serial_1\step7_forced_phot\photometry_pp_NGC6811-0002-R.fit.tsv,8.783000,1.614000,0.051000,6.825000,0.293000,0.680000,2.350000,2,2,manual,manual,22.481256,15.287254,0.016273,317,19.742042,19.686473,-0.055570,ok,REVIEW,many sources are forced-only; inspect downstream scatter,2.000000,1.000000,1983,1173,810,810,13,292,0.408472,0.591528,1.000000,0.016049,-0.002586,0.010355,0.103239,0.214205,0.182894,0.537285,1.516244,0.180727,0.552504,1.748939,0.180727,0.552504,1.748939,0.079988,0.221010,0.059495,0.024218,0.035277,18.249154,44.831479
pp_NGC6811-0003-R.fit,R,ok,2000,851,1149,1983,6.710769,True,1.419744,E:\APEX_validation\bench\arm_serial_1\step7_forced_phot\photometry_pp_NGC6811-0003-R.fit.tsv,9.369000,1.604000,0.061000,7.442000,0.262000,0.680000,2.350000,2,2,manual,manual,22.583942,15.357081,0.017029,333,19.786389,19.779519,-0.006870,ok,REVIEW,many sources are forced-only; inspect downstream scatter,2.000000,1.000000,1983,1132,851,852,24,295,0.429148,0.570852,1.000000,0.028169,-0.009598,0.000538,0.115930,0.214133,0.227206,0.707090,1.908091,0.228130,0.654891,2.080153,0.227508,0.654575,1.976887,0.079130,0.220285,0.053752,0.025059,0.028693,20.298564,43.326645
pp_NGC6811-0005-R.fit,R,ok,2000,1628,372,1981,5.237043,True,1.757849,E:\APEX_validation\bench\arm_serial_1\step7_forced_phot\photometry_pp_NGC6811-0005-R.fit.tsv,7.752000,1.631000,0.062000,5.748000,0.312000,0.680000,2.350000,2,2,manual,manual,43.600872,29.648593,0.022023,636,20.856486,20.780770,-0.075716,ok,OK,centering stable,2.000000,1.000000,1981,353,1628,1634,27,538,0.821807,0.178193,1.000000,0.016524,0.004749,-0.014225,0.108440,0.224522,0.080349,0.393258,1.776043,0.219906,0.567031,3.952360,0.218623,0.556593,1.694977,0.033083,0.088393,0.034301,0.026140,0.008161,31.653176,41.535995
pp_NGC6811-0006-R.fit,R,ok,2000,1478,522,1983,6.065522,True,1.448995,E:\APEX_validation\bench\arm_serial_1\step7_forced_phot\photometry_pp_NGC6811-0006-R.fit.tsv,8.921000,1.616000,0.048000,6.881000,0.375000,0.680000,2.350000,2,2,manual,manual,42.805767,29.107922,0.019842,572,20.763272,20.756512,-0.006760,ok,OK,centering stable,2.000000,1.000000,1983,505,1478,1486,63,488,0.745335,0.254665,1.000000,0.042396,-0.005361,0.015333,0.105985,0.220559,0.228922,0.624780,1.985581,0.251766,0.755221,3.674718,0.250056,0.743622,1.955202,0.035398,0.095270,0.038600,0.023310,0.015290,28.127747,46.578557
pp_NGC6811-0008-R.fit,R,ok,2000,1738,262,1985,9.147005,True,1.281766,E:\APEX_validation\bench\arm_serial_1\step7_forced_phot\photometry_pp_NGC6811-0008-R.fit.tsv,16.082000,1.634000,0.045000,14.063000,0.340000,0.680000,2.350000,2,2,manual,manual,83.178848,56.561617,0.013023,626,21.089905,21.251238,0.161333,ok,REVIEW,some sources have large center shifts,2.000000,1.000000,1985,247,1738,1740,141,521,0.875567,0.124433,1.000000,0.081034,-0.005783,0.001904,0.127412,0.231164,0.218755,0.648843,1.943581,0.297573,0.919342,2.636607,0.296841,0.915006,1.997968,0.021436,0.058695,0.038403,0.017786,0.020617,28.271960,61.044002
pp_NGC6811-0001-V.fit,V,ok,2000,810,1190,1983,6.146192,True,1.430399,E:\APEX_validation\bench\arm_serial_1\step7_forced_phot\photometry_pp_NGC6811-0001-V.fit.tsv,8.874000,1.610000,0.053000,6.896000,0.315000,0.680000,2.350000,2,2,manual,manual,30.102303,20.469566,0.019807,318,19.638414,19.638922,0.000508,ok,REVIEW,many sources are forced-only; inspect downstream scatter,2.000000,1.000000,1983,1173,810,810,15,272,0.408472,0.591528,1.000000,0.018519,0.010324,-0.004215,0.109398,0.215178,0.197859,0.537979,1.981227,0.215001,0.582008,1.989782,0.215001,0.582008,1.989782,0.091901,0.280781,0.066897,0.026384,0.040513,16.229909,41.150929
pp_NGC6811-0002-V.fit,V,ok,2000,690,1310,1983,6.922862,True,1.422355,E:\APEX_validation\bench\arm_serial_1\step7_forced_phot\photometry_pp_NGC6811-0002-V.fit.tsv,10.100000,1.615000,0.037000,8.083000,0.366000,0.680000,2.350000,2,2,manual,manual,30.068792,20.446779,0.015530,273,19.375539,19.377904,0.002365,ok,REVIEW,many sources are forced-only; inspect downstream scatter,2.000000,1.000000,1983,1293,690,690,12,250,0.347958,0.652042,1.000000,0.017391,-0.007310,0.003832,0.103693,0.232420,0.190683,0.518407,1.503284,0.202096,0.560911,1.961403,0.202096,0.560911,1.961403,0.100970,0.307501,0.042223,0.022052,0.020171,25.793093,49.235404
pp_NGC6811-0003-V.fit,V,ok,2000,783,1217,1984,6.363711,True,1.394533,E:\APEX_validation\bench\arm_serial_1\step7_forced_phot\photometry_pp_NGC6811-0003-V.fit.tsv,10.013000,1.620000,0.051000,8.001000,0.341000,0.680000,2.350000,2,2,manual,manual,30.146666,20.499733,0.019145,306,19.599923,19.576792,-0.023131,ok,REVIEW,many sources are forced-only; inspect downstream scatter,2.000000,1.000000,1984,1201,783,783,16,278,0.394657,0.605343,1.000000,0.020434,-0.009954,0.003031,0.109723,0.219322,0.190627,0.562258,1.400707,0.207052,0.608782,1.949032,0.207052,0.608782,1.949032,0.092784,0.270108,0.062033,0.025105,0.036928,17.514624,43.247522
pp_NGC6811-0005-V.fit,V,ok,2000,1189,811,1981,6.121728,True,1.462766,E:\APEX_validation\bench\arm_serial_1\step7_forced_phot\photometry_pp_NGC6811-0005-V.fit.tsv,9.869000,1.620000,0.052000,7.862000,0.335000,0.680000,2.350000,2,2,manual,manual,58.832409,40.006038,0.019589,459,20.404006,20.332857,-0.071148,ok,OK,centering stable,2.000000,1.000000,1981,792,1189,1190,35,414,0.600202,0.399798,1.000000,0.029412,0.023269,0.001216,0.099818,0.215106,0.207065,0.626456,1.877523,0.226408,0.683506,3.429948,0.226380,0.679546,1.962083,0.047782,0.138121,0.041678,0.022672,0.019006,26.050745,47.888997
pp_NGC6811-0006-V.fit,V,ok,2000,1143,857,1983,6.356167,True,1.500792,E:\APEX_validation\bench\arm_serial_1\step7_forced_phot\photometry_pp_NGC6811-0006-V.fit.tsv,9.733000,1.643000,0.053000,7.712000,0.325000,0.680000,2.350000,2,2,manual,manual,56.951263,38.726859,0.017444,438,20.313411,20.272261,-0.041150,ok,OK,centering stable,2.000000,1.000000,1983,840,1143,1143,55,393,0.576399,0.423601,1.000000,0.048119,-0.002172,0.007862,0.112059,0.224145,0.216556,0.657728,1.878187,0.236138,0.692238,1.780422,0.236138,0.692238,1.780422,0.048304,0.137931,0.043017,0.020948,0.022068,25.239728,51.828924
pp_NGC6811-0008-V.fit,V,ok,2000,1633,367,1985,8.066531,True,1.246671,E:\APEX_validation\bench\arm_serial_1\step7_forced_phot\photometry_pp_NGC6811-0008-V.fit.tsv,13.495000,1.627000,0.086000,11.474000,0.307000,0.680000,2.350000,2,2,manual,manual,114.974068,78.182366,0.016835,560,21.017248,21.052034,0.034786,ok,REVIEW,some sources have large center shifts,2.000000,1.000000,1985,352,1633,1634,108,482,0.822670,0.177330,1.000000,0.066095,0.032161,-0.003988,0.113115,0.225636,0.224863,0.615099,1.937105,0.282533,0.864864,2.202044,0.282293,0.863633,1.989972,0.025317,0.071085,0.041207,0.018907,0.022300,26.348576,57.424896
pp_NGC6811-0009-V.fit,V,ok,2000,1742,258,1984,8.116883,True,1.221906,E:\APEX_validation\bench\arm_serial_1\step7_forced_phot\photometry_pp_NGC6811-0009-V.fit.tsv,13.810000,1.620000,0.064000,11.823000,0.303000,0.680000,2.350000,2,2,manual,manual,108.258049,73.615473,0.018551,593,21.187990,,,,REVIEW,some sources have large center shifts,2.000000,1.000000,1984,242,1742,1743,138,491,0.878024,0.121976,1.000000,0.079174,0.023682,-0.012477,0.110622,0.230251,0.221253,0.611929,1.872010,0.300390,0.910309,2.026280,0.300080,0.905964,1.973901,0.023441,0.065264,0.042464,0.019168,0.023296,25.568689,56.642587
